label,N,P,K,temperature,humidity,ph,rainfall
Cocoyam,80.7564892138493,43.19408224724735,111.04629793852251,28.247166212771646,59.80925388548147,5.922022711964009,76.13226230862387
Caraway,29.38228294356127,81.280790793976,54.91082316414307,22.562176751833803,91.23196914021291,6.819121144272789,24.689952066
Mangosteen,37.32192198613021,29.31055385635788,10.636537151274922,26.768834486746982,94.8442718061,6.6451373328310686,91.53605741049421
Sage,25.539515163304035,108.64443148140862,10.152085158790015,25.056495079475308,54.77590611689041,6.480739933060808,171.21685965183838
Parsnip,18.77,36.39568117651591,124.01845194558962,20.837526924177723,94.8442718061,7.094256111198328,142.0353679788036
Hazelnut,55.953389297364616,94.8747757079474,111.01979803734673,23.394221860128443,51.93399948290735,6.866817212790527,164.9396952223761
Endive,18.77,80.04823459366136,27.10498997349063,19.213513798977473,47.1326672523508,7.195496908020027,55.7595373051714
Durian,18.77,69.9966950247383,43.9332038352711,23.434407005374023,56.34592573513967,6.625543363427082,119.09785541972666
Parsnip,81.80535329099634,33.93105536413059,10.418161624831413,32.34983466391743,89.67427819881934,7.33695662374,151.73106186166495
Pigeon Pea,103.25478953995719,16.55,26.853884509268774,23.786221158446487,94.8442718061,7.33695662374,148.2620804685366
kidneybeans,20.75,67.54,20.05,20.1150846851,21.6053567295,5.749410585870001,105.9197775421
Hyacinth Bean,31.702825130850222,38.62024240103407,63.436038926199416,21.466750555935008,42.313445267652156,6.281023404311797,90.58800463961471
Neem,26.24293667772814,39.69785620310401,77.64908704239367,31.358127234547922,26.1639498334384,6.2842343045085585,137.92373019452987
Mulberry,42.576700476275654,81.56716573765,10.01,22.568917160278552,57.41287639503134,6.618161974358394,109.42355250768928
Ryegrass,21.2167581235088,72.29152527843407,125.70613280728867,25.715648070852957,94.8442718061,7.085948763534802,24.689952066
Rye,68.14151660920925,46.48741492112663,10.01,22.03121842629809,42.19034166735587,6.613481192311133,197.5591670479576
MÃ¢che,18.77,81.01149223783281,66.00034102572364,26.71496605590692,84.3150833869851,7.319569442127628,64.31594129048011
Hemp,63.29680517208667,36.80978281628874,32.87903299378681,28.7751820500733,91.87689055695058,6.3713766539963,144.41398153312
Snake Gourd,80.21622105239386,40.622359506281576,10.01,23.685082056892195,49.64523332036312,6.627453028483981,74.78765709019571
Miscanthus,44.676593260831325,91.13068912946628,79.49106272813756,30.404218685988248,86.65287755207186,6.597771548851578,54.1504740442046
Kabocha,33.116723538462054,58.78681264382543,10.01,25.909906921141385,72.01170207169092,6.442079904115127,78.43122824565731
Oil Palm,56.35176451648225,35.331265319052946,35.051138165182266,31.122471696488297,70.12580499907094,6.687774207889763,82.48541073149687
Teak,64.74504240018051,110.33788020040902,93.42460598852013,28.599103849338736,84.8742672463668,5.749410585870001,133.46921772294797
Chayote,49.32432343828756,110.58325461695333,106.2719190220693,29.482432619600235,73.0648702977926,5.916244611385871,24.689952066
Avocado,81.4096828982959,36.07852738401017,42.97287304144942,26.92991407425846,35.32949267084754,7.303218547003677,26.803006191314438
Betel Leaf,38.872089219107345,79.53895454577753,115.18200634353022,26.603805821086763,44.70676023567104,6.481989096732887,27.35951498938344
Sisal,18.77,89.47918379062355,10.01,28.584934533750765,61.05085428700974,5.940182255157128,158.2594731286766
Potato,51.504865140397044,20.90699009847289,21.954367249097153,27.640062833663954,66.35974465903388,5.902241596953367,126.14660057921259
Clover,56.22177827783551,92.12635279047305,10.01,30.15179296567883,72.47788047968068,6.113153353868588,157.23711776895797
Loquat,47.42232050070848,55.265854126915194,106.8708326798573,28.638285969653513,65.48327775716163,6.810555818276307,112.2468878581688
Kola Nut,71.04485426624629,62.48025363160836,16.96052409066142,26.338739652875212,56.51186064623265,6.618381740840492,109.96829214657319
Eucalyptus,86.2188863734334,45.76767758073973,10.01,27.203387262141426,74.56335372557284,7.168493619777087,39.65609415003897
Cocoa,18.77,63.166445387561964,10.01,26.862592676958776,77.29793985065476,7.33695662374,120.53285353034319
Cranberry,21.552976342822255,16.55,29.823966572234436,23.11968099180522,81.32157322908789,6.658888770657943,52.238856558652564
blackgram,40.02,67.47,19.24,29.9733396789,65.1184255887,7.13395162948,67.8841511832
Black Bean,67.6549267916009,51.571733292551016,10.01,29.318424791694913,92.43522734459626,6.9987606632046475,113.04027563483955
Chestnut,86.18966039884458,92.11349677256344,37.994509026855454,23.965256861633872,60.94343297511464,6.387897105093449,118.41433254293686
Pear,90.53009575059889,26.48311798225697,60.447947997587775,25.014584911514675,62.640727071436075,6.860732168823576,132.57578479063474
Cabbage,18.77,16.55,69.82966725442651,25.790973607798197,54.507863543035704,6.5496145256400125,142.35127736115354
Pumpkin,35.97872477499347,73.32799631541323,10.01,23.945522748836538,61.355498689450734,6.12541234163078,78.15490585062672
Chive,86.4524554922325,64.11035979760169,21.021300296696957,27.198155840333694,58.82325804590701,6.489802307843472,24.689952066
Honeydew,52.676408590115955,16.55,93.1786107849139,27.987887885183873,49.19922083116494,7.319679406961202,71.36202496469502
Cocoplum,65.91879022495694,22.805876957207353,10.01,30.244877276787562,46.153500696388846,6.107324319036121,158.0378657077236
Asparagus,105.8670027036213,55.77823481406878,10.01,26.05915986688906,70.27207963580571,6.56417558010187,68.33964872521292
Teak,41.84220501042575,76.01259484294005,10.01,20.504238522831834,87.66704460263199,5.914595327438325,84.99325732367635
Lemon,18.77,72.96941242361052,85.70967110504887,29.553327177087187,56.97557885686074,5.953299903686836,44.113996475944774
apple,20.8,134.22,199.89,22.6309424132,92.3333828756,5.929662931809999,112.654779275
maize,77.76,48.44,19.79,22.3892039102,65.0922494467,6.2451897224,84.766987663
Elephant Garlic,53.909358944313034,20.552280292382925,111.64992305508243,25.249470455474167,82.84178825069137,5.983399994386799,49.67082567548119
Wild Garlic,21.23189296653859,108.04601379650265,116.08719339123837,20.74562655270677,60.84004803962536,6.539368724447749,82.31616346232335
Marjoram,106.41627402914196,57.740700563072394,10.01,26.397773599086445,94.8442718061,7.33695662374,99.52334574341764
Canola,61.63885038676295,16.55,10.01,27.884042520357013,94.8442718061,6.893728470754155,130.26310389939204
Yam,19.079401257063875,50.694416204267434,104.9664083605939,19.4599974437305,62.449810006713335,6.368181219407754,171.32035000899532
Nasturtium,47.983798922843974,89.44839779602418,10.01,19.755963204576002,79.3055518624364,6.041661079675881,83.80013768136774
Sunroot,18.77,81.83442715529749,124.49016518034176,29.069884883166893,48.055850881550185,6.5553158906599895,146.42331096267847
Timothy Grass,18.77,64.40910183448914,63.80276991236498,22.167389631226364,83.83292943128758,6.105980978218062,134.38176416626413
Mustard Greens,92.71103744236785,17.143756853798948,57.306654028552224,24.418613512008715,74.58122915686971,6.1187668925389715,122.00114273729031
pigeonpeas,20.73,67.73,20.29,27.7417622259,48.0616330847,5.794174879790001,149.4575638135
Tamarind,73.88925558964176,16.55,30.934372527143463,22.564963641109223,78.48458411388197,7.246009742766013,31.432772727216488
Bamboo,98.10636305529897,60.532313318761965,110.08122509140736,22.65122285549285,63.2072913566703,5.883478777358517,53.20334877708529
Mustard Spinach,47.52584341199584,78.55685215689536,23.934114370898286,23.88312762972604,35.31739866920441,6.438707629027865,154.43552233457848
Navy Bean,60.53325620155009,113.08010035155323,82.24376621527645,26.175280709351483,73.3994144450622,6.0636468379222395,133.99861383979598
Duku,18.77,23.78243622074557,10.01,33.7238587388,94.8442718061,6.486990775702538,141.37548225366982
Blackberry,78.40681085605603,42.978399753421954,120.83671793981355,24.018502293924104,74.95789804172989,5.964666662178855,107.55149963137643
Kiwano,18.77,63.6177169758049,15.167762095019071,22.7593367593463,94.8442718061,5.916928805046221,162.9599098124683
Acacia,81.00330785048831,101.37987047069454,10.01,30.792332778454213,94.8442718061,6.46580166041711,91.70080705930565
Potato,28.453893453323957,60.96507259092662,58.087402321394514,29.109792119969942,64.5685540988538,6.3256695393576745,152.7341030128258
Yam,81.51874123621991,76.07039059624914,10.01,21.768826108087634,64.48107838078008,5.749410585870001,115.00123621781492
Kale,18.77,37.64823898814476,39.68600217368711,30.192331802103734,68.70084380379726,6.897207298279005,186.9588734963913
Pineapple,18.77,93.47517788098503,21.936161943802002,29.839606730603506,72.52766992516146,6.881214988729094,46.3300411862692
Spaghetti Squash,81.4223254987765,58.59668520999698,60.77106216104175,31.27439590253863,94.8442718061,7.33695662374,118.18241255684853
Aloe Vera,39.90295287119008,43.31446866348766,28.31811606159199,29.00203090285971,94.8442718061,6.611415299761943,58.794192166193916
Lovage,71.73573775339415,45.11786402317794,10.01,26.42852600037275,44.416312399881605,7.33695662374,73.9266247188941
Pineapple,70.05675298768276,48.49662673208712,118.88475519306132,25.72289167776008,94.8442718061,7.104670293693945,67.54986741383468
Artichoke,18.77,85.62253744123197,40.39700103563955,23.69539727141376,94.65902978164566,7.175342596318928,114.12625450943793
Purslane,43.74575145530183,80.50664735608646,10.01,26.206952079868785,61.974275558517974,6.1624757151963285,170.59971454309925
Kiwano,93.1004067454785,23.214992861135052,10.01,26.396288948103244,94.8442718061,6.310231675627804,113.8062192727229
Peach,59.4635755868522,67.65362976789535,36.972211655923715,25.97181331749935,65.04015475371158,5.8991179906527655,140.0668853313771
Chayote,22.446507529927622,43.37512963647535,64.62938208336652,26.51383985115162,59.69917982629387,5.749410585870001,136.72810269939998
Cherry,117.77,81.79790163994116,10.01,22.10328863793288,92.17473399237888,6.279724503289435,107.26583568567675
Rosemary,18.77,63.314443106302214,10.01,23.088878883159158,25.303232622689272,6.279990732793649,76.80807080369101
Spaghetti Squash,117.77,34.42157006609179,74.31097163953791,24.02244799055911,63.53996926707224,7.33695662374,113.87216271601747
Pigeon Pea,51.11299515233925,78.0470831851157,92.77711926973235,26.30458360755366,52.36677779473645,6.4793517677641095,167.02047566616147
Pecan,18.77,72.13895266429776,141.76325035061492,21.164408916224737,69.32202992571916,6.607330349058017,64.34223132060437
Tree Spinach,63.149552365707635,47.9567120153256,56.50965430371402,23.02836323165791,83.61061686199146,5.959247932556991,102.79767814162196
Durian,24.30812572515216,16.55,10.01,20.187801418840408,34.64884489192091,7.33695662374,147.51896804388392
Parsley,52.38079466631711,61.56761651722617,41.745999830992496,23.69770183646611,94.8442718061,6.533068958940847,38.791669861460974
Monkey Orange,50.55394970016875,48.61799619126667,10.01,28.422067470420686,48.02072443647744,7.0819679860368066,138.2026492834029
Green Beans,56.465872003076676,51.143415293553055,20.63983381770217,28.006219251832515,59.86960856053403,6.365909473864384,81.26935516377952
Sea Grape,114.8820303370374,69.30167521369422,10.01,28.2907604343713,90.70882283682279,6.741321540902249,65.10329256917667
Pointed Gourd,18.77,31.782985335306588,10.01,24.784351362985092,82.25252071918732,7.184029838728126,193.50463924238417
Tamarind,78.60907100806692,61.642261480674655,11.59846703981318,25.8317916916598,36.66359932670631,6.3808530316510295,24.689952066
Black Pepper,45.33184176034365,57.77940769289072,15.62384861505096,23.934627116028953,94.8442718061,6.248809954365679,53.209059736993396
Teff,55.35951427303532,32.03490764947729,10.01,26.94561940066139,44.97765278814618,6.765524253769689,118.63626679442362
Garlic,55.520844215464905,84.21814063337209,84.43228237966824,22.54243305960355,73.55154500813359,7.308318537082949,127.05441705129995
Barley,61.306444760317866,93.37398802301968,28.837935448846427,28.32577092979747,39.70670818934575,6.892666714185994,148.56528888291035
Romaine Lettuce,18.77,62.414129913099615,62.445966677540525,19.688798242397056,94.8442718061,6.213454317514827,142.21572185404585
Napier Grass,18.77,45.32953559835603,66.83024261679378,22.00830325344856,82.1210847399661,6.984035433281022,133.19689172312331
Yellowhorn,77.2675339326018,66.05091117083919,104.11130919759681,29.77301491526331,65.3567364598923,6.752775738644992,125.56413055228478
muskmelon,100.32,17.72,50.08,28.663065756,92.3428019609,6.35880545179,24.689952066
Zucchini,18.77,41.38133462627252,10.01,23.206029245534165,94.8442718061,6.794356441548155,129.2942270956506
Bottle Gourd,64.71706911758103,16.55,52.78705079640409,28.687294757873087,94.8442718061,5.839282323345845,170.6351906466982
pomegranate,18.87,18.75,40.21,21.837841722,90.1255037895,6.4291718411700005,107.528442397
Burmese Grape,62.02582945828554,58.50422035386792,21.384292151808385,20.122237944418472,57.33191889483005,6.401453707549617,24.689952066
Kola Nut,18.77,49.553204916466164,55.19876674381379,24.768428871138198,91.648446333216,7.292162575771752,180.92026286266463
Lettuce,18.77,16.55,10.01,28.30887569643712,75.86908206741852,7.328188933107202,141.559325341839
Cherry,30.557419406679696,90.11947950562931,11.741954265645703,29.038200823466457,94.79299940671625,6.825412777558512,82.68364815692455
Agave,49.69501414656319,16.55,10.01,25.967341474721355,69.71504995878774,6.203368672640371,136.71942844373504
Black Bean,52.61499369590578,120.22085401142513,24.071194555466487,23.084794317447134,42.1864324470489,6.718167325717942,119.93835382226493
Sunroot,18.77,73.98022401081194,66.67012004523284,27.159698831155307,94.8442718061,6.49017987228843,74.19417628331689
Jatropha,18.77,99.14909645663343,180.1608125692192,23.45959650141273,70.43268509430587,5.753409926532922,114.92560672111486
Spinach,64.3872135159133,79.41549424925071,10.01,30.25614335385169,78.6890680199501,6.621984692520732,154.2655496053557
Velvet Bean,31.339717050781783,16.55,29.525679956069762,22.358287155543653,74.72006341260047,6.617692810638723,58.75463766996695
Bell Pepper,78.38511619703033,22.39649732450227,15.148145576880971,22.06624698610328,25.797542926348562,6.335262897682977,24.689952066
Persimmon,86.57786904015215,16.55,74.99229963153951,25.613750701842438,85.64339737998726,5.921867107225446,34.74264965644116
Raspberry,79.90046909576816,59.032795374868016,109.15950502129219,25.524942439373103,75.01912400947377,6.4534146364555385,48.555271859127046
Sugar Beet,72.65182170402198,47.96019830967432,58.34097558770777,23.153711118191115,86.52877562977625,6.507236602365306,97.55936660152142
Sorghum,18.77,16.55,131.36329604553663,25.393799046452894,60.49320643975228,6.737361671774681,119.64746533674862
Bamboo,43.61266971591512,41.260142478712616,38.428974937242984,27.127291544339585,84.70754185506189,5.829772975414111,95.90165917455009
Custard Apple,18.77,89.01715015871898,168.97624168533864,28.458789504970333,51.808680187797364,6.692702484501945,179.73058122523832
Pinto Bean,64.66886896720595,99.26454596198522,92.17413755581515,33.53966586169912,65.85097562599883,6.068086024682314,151.53786783401137
Peanut,47.06605274149102,29.644119467453415,122.49883750461024,30.7079049416153,77.5692488771285,6.8272662729172735,123.50977581981593
Pumpkin,25.258591640478887,71.76215523581679,129.4604519532283,29.544730524243448,75.85394362485397,6.156396350392866,157.49106065086158
Mountain Yam,52.849276278039284,16.55,10.01,18.8728467519,71.75652863367417,6.879884890123408,111.03051547100907
Sea Buckthorn,60.88198565854272,91.11576130674628,36.312750738641185,20.8257071860785,90.13655950199595,7.215102509463996,201.5385114660451
Castor Bean,117.77,28.45644592507939,56.159199144888696,32.86090398832504,42.66640443712406,6.201161326144409,76.91951029306976
Indian Cucumber,43.93510522205352,19.6519270180318,10.01,21.433230963606213,42.58287917879488,6.483748866890816,142.46983623867584
Peas,96.71127111932914,65.07430934957375,90.71966026066903,23.806239295130677,61.74190507105483,7.33695662374,172.6455497109227
Custard Apple,48.15838920903769,16.55,139.42720353621286,23.596467520777985,57.8544530780203,6.773700770289919,151.68113296574273
Fig,47.13392672773898,24.070727436485033,35.58104946616852,24.274435773795954,75.20867306880153,6.594172214575645,60.9144018025477
Bermuda Grass,94.43933697869699,109.24529204659964,79.92597363566955,30.456958436971988,68.44945094115306,6.40637148939304,84.33701638408797
Garden Cress,35.70114357695007,16.55,110.7545645156737,26.138509270226443,94.8442718061,6.828569617074791,41.568292734732985
Basil,20.289893795552793,53.70034867523533,63.717076396823444,31.063451737947354,66.10916249558795,7.1079409240237785,214.5956428901897
Tomato,18.77,42.510642936340105,61.01023645982643,20.62112251043405,38.006598467225764,5.749410585870001,85.19634350561799
Chinese Cabbage,39.04831708421693,48.275364446138994,64.11747513624502,23.002309599702222,42.4089356957402,5.916996746660575,24.689952066
Aloe Vera,18.77,79.06646814727661,10.01,22.86358507611974,83.57342204665699,6.899446871518127,110.75699655481438
Amaranth,18.77,16.55,116.70126482389847,25.73032334308465,74.78756806997208,6.205967380428406,40.31232457661549
Parsley,18.77,49.06229313345064,59.354572521162325,18.8728467519,94.8442718061,6.24781904814673,53.753694267940844
papaya,49.88,59.05,50.04,33.7238587388,92.4033876826,6.74144237274,142.6278388629
Pigeon Pea,84.01224990002387,86.37133947615942,52.89511102111021,30.624311805990438,89.400321715525,6.19901583676639,132.18383267519673
Sisal,18.77,53.65690641918373,10.01,30.73787279290962,79.2851765250163,7.33695662374,157.63502760048578
Tat Soi,88.71180064773475,96.07088689423179,32.53734841539388,26.19487698731801,71.6021831428278,5.749410585870001,143.4177109373029
Malabar Spinach,117.77,73.30973345161155,10.01,24.78853639359762,61.57491186454864,6.168449600318199,47.13841543698131
Water Spinach,66.32851900793388,95.35370158487328,66.18371047675522,23.005143798198535,57.18599820102552,6.380590019142786,169.43852802806356
Parsnip,41.572151886522335,16.55,97.32706542825107,21.265241769445684,88.50181559031194,6.85067761473604,137.9678742791853
Delicata Squash,76.84407110519669,73.94239200684036,10.01,25.73651271159901,70.35224011820841,6.54298044874842,56.741598854618815
Cabbage,21.884569418678225,122.93171166909138,10.01,28.488723502608746,51.03720655189149,6.756742821870283,41.67365008601626
Squash,63.555494117153216,16.55,10.01,31.999413434958807,63.99151885469509,7.328524177822929,169.33284733050368
Navy Bean,18.77,54.531901912477686,79.07468009023876,32.24237197111049,94.8442718061,6.039984544876105,74.60861658228173
Wasabi,48.60314294503009,32.71556372346154,123.63619589369767,29.332045228996208,94.8442718061,5.8394110346439065,24.689952066
coffee,101.2,28.74,29.94,25.5404768193,58.8698463003,6.79030827457,158.066294882
Okra,40.61206898165846,31.649130056032273,52.1662319125453,29.441599331775183,63.93087374157229,7.33695662374,137.15588552079706
Hog Plum,75.19669647466854,34.71097349199584,42.23816735383158,23.28308818143138,78.83299191003336,6.660285592469954,24.689952066
orange,19.58,16.55,10.01,22.7657254967,92.1702087634,7.01695745276,110.47496872
Wasabi,37.47650758103708,47.80658802017172,10.01,29.02407833321304,37.574142301596765,5.749410585870001,130.76407293345318
Roselle,59.63417511201001,45.04650284051485,125.58653914583377,25.721572773051633,94.8442718061,5.952700923366532,120.07388145344113
chickpea,40.09,67.79,79.92,18.8728467519,16.8604394237,7.33695662374,80.0589772605
Land Cress,82.65160454636788,48.60601212188199,10.01,22.28769614917104,52.652844535626784,6.179008428069879,80.01483540140073
Sago Palm,85.50362473178636,46.47787483771246,27.96355143289853,29.771105305933684,65.44920277705035,6.1560229574011505,50.85668570235928
Chili Pepper,18.77,47.08743762912009,16.980854317157547,23.660359780521713,94.8442718061,6.725734911389741,236.181113594
Strawberry,18.77,38.26672539054235,56.801739475588555,25.80164294147444,79.3050315194514,7.137680681651617,42.07501333426191
Camu Camu,75.46159778260338,107.51254196267011,41.58782688486265,29.706877050982396,85.23918715765532,6.39937646960561,187.83984794513924
Lovage,51.41147852040286,55.523769005332014,103.13569913705912,29.231702733562592,81.6436751133319,7.196818222980246,24.689952066
Oil Palm,32.13779519137688,53.39689658669735,193.05133063856783,31.8028653995903,76.35818796892084,7.33695662374,135.15545667896035
Bell Pepper,18.77,23.104157081459743,10.01,25.27575445307126,84.51784141366402,7.085269512639323,24.689952066
Atemoya,115.70878658674965,73.73886155614261,157.75441402207284,24.568016838541492,47.99919837211398,6.973409361594489,37.04084105909725
Spaghetti Squash,33.599409064334296,100.6146937794122,122.98724818659889,30.439129179350697,79.81466222315619,7.242929782958198,159.7264950434752
grapes,23.18,132.53,200.11,23.84957512005,81.8752275212,6.025936681099999,69.611828886
Black Pepper,116.07783797740703,65.83809447447072,49.92248682497637,24.666285790034685,72.9630227099088,6.394561042735909,90.19867634705835
Dill,18.77,86.83502763853532,94.22804907604825,27.400754575285063,53.71198455894422,7.17065927340019,147.61784651171646
Coriander,18.77,48.91289069480957,74.18745407035877,26.164023512746688,61.460742638523975,6.224927787293259,102.37914558153071
Mamoncillo,41.34204115899672,89.51411924885028,10.01,30.490671044207755,82.62628073645604,6.790026284453511,108.82916542539944
Kenaf,18.77,96.69379720899823,10.01,26.95893009282586,52.88063555547477,6.45026072826809,166.16934482568303
Purslane,18.77,123.81291815470615,81.3280229262099,23.057726246680854,94.8442718061,6.42142825600391,79.07538002273414
Crookneck Squash,18.77,26.475287413163514,10.01,23.901595918042137,67.24671683303288,6.250450273539125,151.7809365351377
Parsley,24.728136991879637,53.617743263517006,10.01,24.111654614952784,77.75303441637855,6.22772122981217,103.29332774212514
Delicata Squash,83.29443612952969,98.06028724698955,91.3791194069899,23.82782347989258,54.54100936302697,6.691893343885103,50.50954663653018
Malabar Spinach,100.78330333888337,16.55,11.506944698961611,21.58348513507458,54.88196752133173,6.74964919964771,29.353158325322255
Triticale,18.77,92.49269465982539,10.01,27.304985527800454,43.85276154223534,6.803242758167522,148.10945186961686
Soursop,18.77,82.21809064021932,14.033456096546253,26.089750171365758,49.82561770800625,7.33695662374,122.29248816679147
Hazelnut,49.03863402285249,69.65712500097398,10.01,26.198368652785657,72.3970114517844,7.33695662374,170.9362390659121
Lima Beans,21.614049342254006,32.38438679589288,111.66106342282197,26.03050786456249,66.11343362644527,6.320173529013872,72.8315110347942
Monkey Orange,117.77,57.578981449036064,79.29838447215312,20.91908953770808,70.59435640265721,6.140796485298598,158.1884653329286
Ryegrass,18.77,84.88905559656362,109.15694999852883,26.615284532850957,86.11909316504503,6.172328798638373,60.00213193014143
Wingpod Purslane,18.77,61.55064796517187,24.53618875409851,21.56505818440705,72.79555368153396,7.049953316529214,103.18615365906398
Ivy Gourd,51.93822907029192,95.32393208353103,10.01,25.55098583974479,71.84224850698695,6.678453742342437,64.46272817558446
Romaine Lettuce,18.77,65.32569834634985,46.16425410051906,26.91897047022483,94.8442718061,6.572878591800606,146.6587405743973
Upland Cress,86.14153414518486,64.5185342835579,10.01,18.941696183047284,94.8442718061,7.33695662374,60.08120228965094
Tea,68.98869536110432,32.71554337772106,44.86546532149241,24.56330268431154,53.896181712375935,6.432614056301664,117.87354119114664
Ube,45.419004439684,16.55,10.01,25.536801707680116,94.8442718061,6.66076899082622,193.29623226327783
Sesame,76.95507742020193,57.348577225686206,87.6981964821676,27.708408979094095,39.8575934140642,6.730667755491422,51.35429426004114
Pointed Gourd,94.83651439596863,16.55,27.429600542732533,22.127442657093322,94.33431705527914,5.749410585870001,117.88669246494965
Sesame,68.2549516716399,73.88198420331918,10.01,30.06977760714718,56.720699400739775,5.768626579868463,123.27095258510249
Kiwano,47.63682109135336,71.02458143388722,28.171589506041148,25.19901691410795,51.14957119860143,6.495325623879524,193.63268014758353
Ice Plant,18.77,67.56913849527666,10.01,28.057993277052386,75.19485791542616,6.387172459439899,150.37067094227768
Plum,75.30617471598802,68.58763940568052,46.85570214003761,22.919770922193877,94.8442718061,6.239107863489139,206.05533421935047
Collard Greens,18.77,79.09176932135169,85.72336042275202,25.720368693185083,46.97448025616431,5.749410585870001,68.61680786738593
Macadamia,75.5034402644247,41.833460932991706,99.67771224594873,25.921640458527865,47.64298929070366,6.751921053638018,28.799502197241523
Lovage,18.77,16.55,25.48411031697812,29.235330474294308,34.15565986836235,7.0626603442425635,64.82907966470107
Persimmon,82.18021765677288,69.26055173509953,32.57010425710032,27.190774055125335,60.854521527893446,6.81359058768449,61.241796485888884
Willow,18.77,16.55,53.9405678444658,28.488876807355854,74.55962185707023,5.991646203515339,24.689952066
Dill,66.30842627979342,46.03935845258351,39.726058861479586,24.077092074702367,62.017357518654286,6.203063865216967,50.74318989133016
Chaya,117.77,89.62631866187701,50.4482405448128,28.267690327450797,35.82051572349902,7.163193815473914,207.03699684197366
Bermuda Grass,79.65123934708865,46.78632751821867,53.73024978832571,18.8728467519,46.68957125838549,6.315191049623176,72.95685205356612
Malabar Spinach,84.35559226781726,62.47589061436025,45.33716040596132,30.904619950367437,90.32350627846148,5.889110842066231,133.5547190043509
Okra,78.38528037116261,61.084887326276885,10.01,28.825672480913617,93.06578798658036,6.152604631557245,117.78328077161481
Taro,56.07683347739047,28.644956913932152,10.01,25.153434411973734,90.40760436586044,6.355842555272792,118.99336845826278
Kidney Bean,95.37401170887398,78.66459741050511,10.01,23.830093795390315,94.8442718061,6.841283081886958,214.21454892519722
Fonio,58.520513054653634,59.52379523113164,10.01,20.70938401958236,65.94021038156174,6.3108020561629505,108.89691534295842
Scallion,74.00517723897289,37.40199354523092,105.88993067775161,19.128568295468533,70.39945813288513,5.749410585870001,114.23608411233744
Coriander,42.21158369114199,62.78329886442454,75.39044389223506,29.98526156576699,69.38574598861373,7.1880600606769285,48.479791205389326
Romaine Lettuce,18.77,134.22,35.666744303539176,30.163142746069255,65.40614513781011,7.158773316352374,103.49944523838157
Upland Cress,18.77,61.498508885662744,53.840558890654734,29.810350198865642,73.12711872414687,6.0552797124080975,118.69859773743354
Alfalfa,117.77,105.26872903179023,10.01,24.78647392617987,65.75980792065589,6.061369608409424,107.30989683150847
Radish,82.84416190203149,28.319681937000528,18.057580962637147,25.796832941776636,47.81852099315191,5.7813505531108245,96.9858070706349
Chickpeas,97.36922679297078,103.17108776524307,28.205085136225673,26.72474527476348,40.48866845372835,6.628775750219702,109.05463017120712
Macadamia,18.77,70.27065716464068,37.34847784510997,27.421174576311643,85.42149681896737,6.498797062108186,155.09808644368667
Plum,91.51089052563005,29.397129508400425,52.35930901969133,29.444677781530334,83.16311561241268,6.740684924426975,62.02891679258236
Cherry,37.3212167229415,50.594434936394464,65.88921596546935,29.820526261475226,63.95470455585884,6.46794514269277,103.30666838020572
Cauliflower,36.11902585987503,26.903427361261368,80.31272666126384,20.693476953409032,64.46538999061003,6.185313867579232,67.34413609684027
Date Palm,70.68256256848633,82.55002823308755,115.47300699094583,24.222221254379235,74.16652171513466,5.885711797809197,74.36776252689056
Blueberry,18.77,16.55,23.082132884071125,28.8865894704855,59.02554226037946,7.105503409339415,93.00758160484109
Quinoa,18.77,45.90510906222428,46.156008841415016,21.519690197359438,81.11828346523771,6.993153056527019,162.08778288291654
Sisal,65.09459096220745,16.55,41.200729064309684,27.359772258961968,55.008748207428305,6.305929687624014,116.65529458424304
Spiny Gourd,18.77,73.73528755401878,10.01,20.536075471994387,61.54568898030196,6.276675614012424,104.82587710857139
Kabocha,46.428982490602834,39.1426982631411,46.65632155004935,26.18360220755368,94.8442718061,6.348375762444782,115.4715067200962
Yam,26.277393885802965,76.29511130835353,50.87583557971857,18.8728467519,79.60200639505723,6.382213480811143,112.68897399452769
Wasabi,67.07402644244026,129.40162682396578,60.96248594010186,20.695534618217607,94.8442718061,5.749410585870001,35.14675377921607
Oil Palm,43.513678115943094,92.13394838331487,13.164455844100047,25.480499837944254,74.69379439335958,7.106009612635153,172.53134536079608
Green Beans,98.01742216780173,69.7992092458484,10.01,28.67245973222019,54.543266614638725,5.9933196119942105,77.04154951126453
Mahogany,95.30185475304384,16.55,64.41319764969852,28.33758037106803,50.89619831103249,6.480256258148686,184.01245451155881
Ash Gourd,18.77,28.779583464160925,30.830958076452376,25.453048758957255,80.24438057156327,5.806709564426061,99.45540316236944
Cherimoya,78.33347627232747,72.5823264300266,80.4243628785135,26.365543239955155,34.548823990190904,6.248167328073083,139.03021202859657
cotton,117.77,46.24,19.56,23.9889578952,79.8434742538,6.91267549578,80.3980431193
Pecan,39.889533046229666,58.26453480279441,10.01,30.62124540893186,66.59242763305275,6.948357440918328,102.38230916997503
Tomato,117.77,71.84483018443818,53.80153072564153,22.576182898815638,72.14265161907424,7.007065192970185,124.69880316630118
Celeriac,54.823957610363905,49.99765803408931,131.777901038451,31.527780797908832,37.41810284318726,5.841655872305836,96.41841771579938
Navy Bean,26.921072405594714,16.55,24.656866653986242,23.487414160694318,53.91006006962442,6.759031253196444,24.689952066
Fig,55.985919305736495,81.35991121758826,101.58881379280824,25.876449163572204,83.06415572414458,6.44022204376115,106.1997286679793
Lucuma,35.41112794336098,42.54171772620691,65.12282572293665,24.300510278454325,94.8442718061,6.639588933894537,204.8467210247795
Brussels Sprouts,98.62191526095748,69.79634130401632,93.58854016501158,28.302700743410025,70.49407008086561,6.221392544387821,51.75029285919279
Chive,40.22050972115095,30.24261938118945,96.2629319555283,24.352086544052035,55.59214451809474,5.829388291139505,85.46407037736958
Teak,71.64034756470996,63.40510761504514,34.79751999626871,22.30061225332349,67.80952809808517,6.37650625897851,139.6389909997291
lentil,18.77,68.36,19.41,24.5090524026,64.8047846785,6.927931571609999,45.680454204
Anise,69.23653877341013,73.69951578115733,38.28110803216653,28.04755681377006,69.94808923843075,6.402891636746428,161.2590588856395
Winged Bean,18.77,64.90084379575723,18.20586618512189,28.334759748186794,94.8442718061,6.242599266503173,25.811009166477234
Mangosteen,37.82953456894041,100.48475974676921,35.95347070583276,23.91555346506163,87.23497897478838,6.583622417973857,24.689952066
Arrowroot,68.92514418858836,16.55,10.01,27.781884219339908,81.91980387789847,5.749410585870001,27.027585874501625
Thai Basil,61.738174781427546,41.45599937047034,15.341241715566852,23.402257579624823,94.8442718061,6.151489191015743,108.45399720884612
Triticale,18.77,53.06808860497436,10.01,21.960703794109826,48.47709453537014,7.039608053120805,91.63471418475746
Tindora,57.150706388105036,106.81286954739087,56.800473569820326,23.424682153315434,51.18502764878087,5.885871105817987,31.530867344840587
Lychee,94.31642406001748,53.81753649796145,85.72703898740673,27.625505834890113,67.33822923576348,6.757482858346748,61.04865239340452
Chickpeas,46.84474086565776,50.43545007390432,114.45803833515379,30.54588813015269,45.5242477921194,6.507529017030024,97.72749502819552
Beetroot,92.74423200375249,63.720961933152665,14.8540217631976,25.548814827189144,53.69553686883072,6.054542648499481,173.31496371658324
Skirret,102.33860042992106,40.1520896787116,124.87967499161422,27.428287354140792,44.125884992865686,6.4830918012165295,162.8944675332332
Chinese Chive,18.77,29.666138419360564,30.799568336372896,19.650224407785302,90.6938040495854,7.33695662374,24.689952066
Plantain,68.67905407640873,59.21285589710972,83.81507438835368,24.600265108904004,94.8442718061,7.082059450888034,24.689952066
Blueberry,79.2970315315418,18.10100293276959,43.41898866420047,27.301001190548657,94.8442718061,5.857780429171591,63.95519058106863
Spinach,107.53472061149778,62.52109008705613,53.63100390957323,19.05710486169007,41.187274960242206,7.113138584743807,38.85007345524359
Beetroot,92.63620843168803,16.55,27.90272205872184,27.340405090941786,76.70798796229249,5.85581755878268,111.34672267186339
Cempedak,28.248374123143797,64.67403341093383,21.94747966782055,20.970520681046807,38.78561803613904,6.565570419773254,148.8452225269823
Cassava,43.23348287491239,123.64795536024124,71.19257792959081,20.9330716311033,45.84015441761447,6.636814535176874,60.32489001830817
Blueberry,63.1225692383332,105.45527612367893,103.35925485914936,26.306752897797598,94.8442718061,6.998466450930502,119.14442668885833
Lemongrass,70.44552000215567,25.04647339897701,120.46930302029205,19.697025984679584,94.8442718061,6.422527401693009,104.60674778808668
Asparagus,89.35451725603866,69.09938492906086,59.37275726449386,29.091331345674067,55.92972664061464,6.1157868670577304,168.96473398175962
Indian Sorrel,65.49325395381953,64.8238971254192,85.33487333797098,29.529473956840786,69.12792231510137,6.7160662616817035,54.35924070949469
Wild Garlic,74.11538985580881,85.79844366971597,66.80534699146403,27.090411549324305,94.8442718061,6.6907965517516175,24.689952066
Indian Gooseberry,28.91036419274733,85.03154675538046,10.01,30.12502624415584,42.97522276393627,6.740696599241535,115.36384470175055
Sugar Apple,69.90267187952482,109.00316166272276,74.14202121216995,26.24118170995462,69.8240371294443,6.832167551829925,217.30207897629174
Taro,91.27522193059737,71.00984979212376,10.01,28.596164797171536,50.75397272852802,5.9656379929055054,138.41043603550474
Okra,83.37787893524788,47.507851430549124,10.721274232878123,23.621881568961943,55.309745063619545,6.996676287131104,66.77631210403388
Parsnip,37.2435112325044,38.23241881742551,10.01,24.263193922424627,94.8442718061,6.306335137357428,83.90433742758033
Bell Pepper,26.73907942361727,16.55,134.00697387800324,20.31542036928765,61.19967558972086,6.25862311762579,24.689952066
Turnip,36.72989248205368,56.995440134956745,144.1848504810154,24.310972064868306,52.59305971064907,6.285773817382853,61.34901310343778
Agave,80.33847357380412,80.21818381309922,11.410093891730881,25.032509515157685,69.96523560428882,6.082813145847092,78.8329637423163
Peas,83.54670595334696,52.38276274245081,10.01,25.69841208296092,72.2958190943252,6.763909706746495,48.297564113310614
Skirret,106.26550794127216,16.55,10.01,25.310530495617062,92.16923857643812,6.810061341210826,152.66193255820883
Rubber Tree,18.77,45.4918482439072,59.24712160633709,27.393641477247368,83.61289842658582,7.045624374752731,24.689952066
Thai Basil,80.5230766694297,49.48715351192081,83.2313795158631,20.251857754953846,74.87592015410632,6.115884547565612,160.62928403501576
Sugar Beet,74.93273813291364,102.86345270554096,15.73561010034274,22.76153808917677,42.19828549055322,6.950244060320293,147.15603573666814
Horseradish,58.90404320593121,58.56343810749549,10.01,26.427814920290253,79.70377739044999,5.749410585870001,32.63858196707692
Sugar Apple,79.44111292504903,33.49242717618849,10.01,24.788400666990057,58.30721627766836,6.484513732329208,77.39211862002753
Sweet Potato,42.3920712025332,46.46188180876161,10.01,22.335424898276557,75.67731305215159,6.570997295414881,158.43365642812915
Shallot,91.52869110978372,36.54513023135869,44.75474531842901,21.665784128926674,94.8442718061,5.749410585870001,41.51955792000995
Langsat,18.77,93.66244475224246,44.200922797756945,23.342819383262132,94.8442718061,6.274761505568884,96.66270935665266
Yellowhorn,104.44023050966905,69.58084156697323,105.06861237338279,30.672886684060963,59.40034451640571,6.956672169520106,98.31514949361046
Tindora,90.72889960941748,44.74293701708893,10.01,25.72828582849131,81.16362775318,6.1126195932650065,127.05075131714425
Peas,87.51970107932317,54.602883124355884,10.01,25.419133684263333,82.93959806086941,5.773053140453475,32.57633189960468
Sweet Potato,73.87932954153635,38.132742976198266,10.01,27.7097886947139,42.82954298528119,6.94319941266036,55.31760674817378
Duku,48.62277748237329,46.51245507868897,101.87672135675723,24.402906958806827,61.26806072258187,6.712059320899471,158.30697334829344
Black Pepper,18.77,50.37860484864848,14.824033339898818,24.7303854347628,46.05967759189991,6.289767815028977,99.80791476164586
Kaffir Lime,33.356060686380665,82.11320979025253,41.516723397425366,26.919858936480953,35.4641149990395,6.67252394514333,76.65943939284476
Sesame,54.346398550952,38.42237541895933,43.19771623547739,19.403163300503664,16.8604394237,6.962424761910389,83.6425865599393
Jatropha,117.77,74.55943884025605,10.01,25.64637658050773,80.42112828116099,6.72906535333334,163.23604286222042
Tat Soi,38.70192313343975,119.19055954082518,14.920207113187502,30.25067660509061,62.844459576712936,6.970897563674717,128.62199191936543
Sorrel,68.29911906995413,38.94502329421533,22.39239064399489,21.564411978996922,66.79574904671975,6.2839623489031755,131.35860664905718
Albizia,69.63708988946107,56.95576115283743,28.12823668427375,18.8728467519,78.92190754846605,6.261253733627166,123.30787015668864
Kiwano,53.76000893155714,16.55,34.31517662900141,19.57569825764707,94.8442718061,6.545413972968334,192.08489370830796
Soybean,18.77,16.55,10.01,23.90053676987923,72.91076038700369,5.882323044018727,61.686118069875235
Sapodilla,18.77,81.90105340160001,76.34691348722882,28.002187507780466,70.24819055031107,5.999560303528062,156.04832596201342
Green Beans,93.13548121204673,26.182481266079964,113.55151254202968,27.919353200272475,59.81878878807302,5.749410585870001,109.7275104137217
Napier Grass,33.831114801593486,55.615889511596244,34.18487410371536,28.116935835940325,84.00046557570545,6.592471085964716,212.69097081737925
Ajwain,83.74252374612054,52.93446557904451,31.435422153732365,28.193996045200254,65.3277979399634,6.446480347541081,125.62322656353044
Sesame,40.946773841239406,16.55,10.01,28.66598601906894,67.84918858937564,6.201342617486064,143.78520497655134
Eggplant,64.6680548704319,87.40567165162169,33.35944490569497,28.28428698148536,71.11067693999156,6.893354177701129,98.04203300806977
Feijoa,18.77,41.00276413476787,10.01,33.26377524020944,71.94132559992202,7.2023775706666555,149.84247793431612
Agave,25.04110320739174,88.577580908437,20.386367200405957,28.180880955774317,65.72849909506357,6.542062526066691,130.94884454726252
Strawberry,18.77,51.935627342006875,17.705625601702632,24.518812286261856,65.0725748456072,6.382903801709537,107.76567720073933
Eggplant,18.77,41.612532717240974,10.01,25.37138180487397,75.31604253020046,7.33695662374,132.76386541258313
Atemoya,59.526316498264315,18.12646138223102,81.1562475718674,26.140196497815896,94.8442718061,6.717205759666548,136.77357173653618
Jackfruit,18.77,89.23695417893154,84.7247097533535,26.949706753516462,94.8442718061,6.554705111391673,139.4158899420901
Fennel,88.07826611233702,16.55,101.9919165404914,23.010684226941116,91.86842374531439,6.038870652588742,53.758969453326344
Acacia,85.64866408266029,20.340572782628207,60.72562247916515,23.507942012722452,81.73779036938723,6.625376610344373,136.58951940499816
Chinese Toon,76.23436612142406,95.43489452002598,157.94160180568116,29.364528460584275,76.69165024439293,6.1292137369314625,75.43501521373837
Winged Bean,31.066945509795225,16.639772920901947,44.30450222399645,25.38148631643589,63.44632983762423,6.3388613947568,110.32371125473425
Flax,37.808558363136925,31.739346904347094,42.140919732878665,27.54682015467737,94.8442718061,6.267022467801834,100.43825111944984
Cauliflower,88.62931915791837,87.51559567526982,64.1122484726049,18.8728467519,89.37567033480497,6.80970296193379,178.89684311686096
Leek,107.15675570481311,46.12112575481478,10.01,22.781258929562004,36.77429349646931,5.9026690705459055,107.74566567057167
Jatropha,24.8680688957315,67.91849081669558,10.01,23.313559193009432,68.0578202659685,6.072104640065999,123.69978714284689
Rubber Tree,107.9077493638093,74.34858590269646,71.17411864644839,26.900927137811763,68.92191307008017,6.1583901323679235,64.99455921477198
Navy Bean,18.77,53.02383235347309,21.789670798177397,22.003578614860167,40.47107621268749,6.892852980845161,87.38105185425194
Land Cress,116.89881820128875,104.17415032174252,102.9100695655859,27.12234268620139,86.19479844161353,6.062811817109183,144.45059888971434
Velvet Bean,102.22236263489515,68.10274234973541,89.42684743828875,31.94548995033484,94.8442718061,6.134825983206188,25.922846090384496
Onion,61.66974565209742,85.13156791646753,65.2245706390849,25.911776279918676,73.6833273975233,6.653756108139824,171.674156749811
Wheat,64.650720390116,23.033431814658442,95.4015649972761,24.169625723042405,63.144021062385555,6.508783776422964,177.72759429814573
Santol,36.38360292343126,23.981675079256732,25.196448943854623,22.75292422525901,93.48283110483125,6.851210881820255,149.92283695733076
Mulberry,56.42852454368615,83.15394402434265,70.755924600258,29.064492685743996,56.15854210446063,6.6638797453639285,141.1732099581244
Mangosteen,43.6940522161287,46.65287987499931,10.01,21.563428577480988,94.8442718061,7.33695662374,159.912567706838
Timothy Grass,93.82831183394632,60.05663763777184,13.883061606065219,33.7238587388,94.8442718061,6.5338635728000485,24.689952066
Sugar Apple,18.77,78.47709732271431,88.6358313623733,24.249862956654503,94.8442718061,6.552064911667882,156.691548696122
Tree Spinach,103.04081600207701,49.53421613277302,88.0485453823809,18.8728467519,94.8442718061,6.146562670029961,186.07333985636484
mango,20.07,27.18,29.92,31.2087701513,50.1565726953,5.766372799660001,94.7045150448
Chive,36.94335516742791,52.181401990493484,47.7908363409799,22.06460315342473,58.762423378080875,7.0467744122578795,107.96986223891894
Medlar,40.28171867110935,88.55074048641674,51.50142562970356,19.93768427952091,83.36126536971366,6.711076469790621,137.8905412199959
Nasturtium,90.73984403349996,70.28589413399644,10.01,27.106612774624004,88.0816095838723,5.749410585870001,81.93836281187285
Pigeon Pea,18.77,16.55,10.01,27.764397692569915,66.9880143108553,5.890717317626602,51.60669186671988
Squash,24.803309422576262,35.28404079198597,108.01547953308835,25.98415844987155,51.961943559440016,6.895527969648131,117.94189820855237
Hemp,23.578574247877302,48.081498812306485,52.38775266242209,23.314161739589185,69.01098536113203,6.742166106786209,28.279648205779154
Kaffir Lime,117.77,16.55,84.90924716205436,22.308826431994408,88.95283240319256,6.380749961289938,130.21040149139185
Daikon,39.772154033149,42.46963722796494,85.06506405000181,22.11710092501383,50.241841442034655,5.749410585870001,179.60801119095143
Arrowroot,39.10537977410227,65.43610367289361,147.40688765050047,28.81262864038681,54.07533649286552,6.631159214607154,97.97917708001798
Betel Leaf,18.77,54.76578619165495,10.01,29.4226597625843,64.1162336910279,5.976955049274415,33.714704986098596
Kaffir Lime,66.73431261845849,75.85963746257232,56.91282634401182,32.31944242743498,76.380666064217,6.580229784722271,52.261899414290234
Land Cress,27.716670189152232,77.26868702029287,24.99457448501472,26.202648282215247,30.692351698977625,6.762493139691818,24.689952066
Paulownia,80.84229433416192,72.5697029052378,43.80142127510199,26.5639272992641,86.49821091115506,6.503921007457863,131.17732574571664
Elephant Garlic,62.67212076457588,63.289102135954586,68.05693545453964,20.12672286438978,53.92518068136777,6.457946239940659,144.38524431164498
Celosia,24.840578570554538,73.48236967759216,67.0732095763521,26.280139655058147,81.95109503447837,7.33695662374,32.68416537469287
Savory,117.77,94.10405059576067,103.74012337601917,28.81109278432944,82.391679599004,6.664154801420542,122.44793316566512
Indian Cucumber,18.77,121.35518704839066,131.70051523527957,26.584575597164758,64.30532458576243,7.0911683327012485,83.32300262047377
Jabuticaba,96.18235949226079,42.95334087571384,19.54698535022038,26.06711249307698,64.61442133498086,5.840687637360773,125.88345260361909
Tobacco,19.369552532048125,16.55,10.01,21.547044792161437,48.593648672910376,7.218859662019576,24.689952066
Thai Basil,47.67996318279464,16.55,11.144403280421344,27.901813864556416,86.86688577181057,6.4546000158527725,120.25178365349838
coconut,21.98,16.93,30.59,27.4098921723,94.8442718061,5.97656212619,175.686645804
Sweet Potato,75.20882302297996,44.27711308379692,10.01,28.678372997904734,87.40273448601347,6.697790455224666,141.92999798623143
Noni,54.636752209479745,30.968289385025074,29.52847139166117,19.773754939008338,48.20604006831914,6.350387510315692,146.31079065736108
Star Apple,47.73968717236721,40.4711085016507,30.15428679665523,26.508628964346013,44.6871582765727,6.185951329269061,39.464360061284516
Groundnut,96.87977640453963,17.952804990088715,85.73501332338829,26.378676228089276,68.10353612293125,6.459265827648444,121.55665249371857
Fonio,117.77,61.16793333403318,30.988631463433116,29.519637640064097,63.38446135710561,5.93151561682256,174.4899272876777
Ajwain,18.77,68.04213400712179,82.53883658101569,30.438826567630798,68.55882665596644,6.169564027373429,65.46542454368588
Mountain Yam,43.81024673255472,97.16654332077846,77.18493060596047,27.823887037484603,44.349835043686824,6.163536322135037,98.83226741226072
Mulberry (for sericulture),36.920742741632004,72.02198675240463,10.01,28.609569566472764,66.5880665186076,6.648225011832532,50.993767363396046
Lotus Root,109.97198185248791,17.739486088970388,81.85591298571359,27.259844302701584,94.8442718061,6.687386059450276,137.62815970333847
Coriander,57.05346668467654,69.44865432051326,10.01,21.892345809033646,88.74764595605376,7.072867774764257,24.689952066
Thai Basil,51.01923989081554,63.72038425151875,13.332347767172493,22.866904261661823,94.8442718061,7.1557100831791605,139.09386759187015
Snake Gourd,53.31145443841885,117.8863547285226,39.68119821157298,27.73481630168047,77.3348995373466,6.829926555499467,157.11102087577476
Artichoke,18.77,99.11565633888151,55.483228567370304,22.460877192535328,68.822930938532,5.972035867015514,124.64424127507218
Cinnamon,112.08757671236233,16.982431545469638,137.82948714294946,20.758963611559214,63.66427009189039,6.880732244996016,63.15455659576124
Ajwain,68.20697843948253,16.55,18.870318725828227,31.642995252757004,81.39347316592672,5.9203818991296275,199.91276839767727
Mamoncillo,83.13699985752606,40.97082802474283,61.56661667922604,31.38237020511089,71.54209818771625,6.071838695126466,228.09611462715822
Bermuda Grass,18.77,16.55,50.22552494834474,30.569233279719917,59.24934645536398,6.967207025441823,149.12289315172015
Indian Cucumber,105.1383810789207,16.55,47.53462880565671,22.58774498059073,74.87137425313753,6.39270778132294,73.49717866970659
Camu Camu,83.09817916128597,70.81923450097847,10.01,25.267983296705168,94.8442718061,5.749410585870001,114.73020984018913
Date Palm,18.77,50.73382332702135,10.01,28.36208590145299,69.18630096887885,7.230459264514611,118.35809202899539
Romaine Lettuce,74.9389233664255,102.19201145696806,10.01,29.845403842712134,75.44192866215221,6.509193089671601,154.34416255899512
Mung Bean,63.74176602644344,57.86130309728354,58.010592958308045,30.699277327956768,56.393170723633915,5.85698336459219,118.17757473376528
Winged Bean,18.77,30.068087950242393,44.135342200382624,26.93879056765659,91.41568137250101,6.47318313189928,154.60544556863684
Wasabi,81.17474759388972,16.55,78.10362074116725,22.61060014575962,16.8604394237,6.489797559137281,57.30250136445696
Cranberry,75.43705194266374,85.77702888500772,102.74361560787523,22.932385769128437,74.49381379336658,5.749410585870001,97.82358896450098
Cardamom,18.77,60.51890085068394,113.76823027403611,22.04384294730969,48.713693576951854,6.75929713625619,182.36337522656788
Oil Palm,78.22855226234414,51.75800486891393,10.01,28.66662139764311,50.8684440254597,6.315348409839083,128.80081466198794
Pulasan,35.27777190194244,16.55,86.44555361385157,24.242429231708815,75.11315915601638,6.650062486105986,99.02424654517509
Shiso,35.271986615188084,38.47663703897975,59.35986420343556,19.035349667699187,67.96273837243832,6.489264885469515,162.50106397697127
jute,78.4,46.86,39.99,24.9583758265,79.6398642063,6.73277756817,174.792797536
Mulberry (for sericulture),33.35470075586797,28.10797896545934,15.474804175484138,23.13171291971716,76.19994287835036,7.193756245280972,104.82806722546906
Cempedak,71.41171493294364,66.85258565562624,152.22447981345167,28.605378828213453,60.53355038164583,7.33695662374,24.689952066
Iceberg Lettuce,71.26056110652212,60.965634160665715,12.767267343593296,29.57806504125841,51.016646425444435,6.912119064327047,34.28351948068101
Winged Bean,61.33895257879847,20.665635762388355,144.05381086345022,21.592213545087713,79.99339405829485,7.264621321542528,139.71929686195162
mungbean,20.99,47.28,19.87,28.5257747353,85.49997454300001,6.72395694037,48.4036009029
Chinese Toon,18.77,25.285911603302388,90.13283498085005,29.280967299892513,91.74604026992219,6.4830262469827735,146.87855042650523
Monkey Orange,24.0520027421135,16.55,10.01,25.32372946376694,73.52696498965463,5.749410585870001,78.84482524207411
Endive,53.632793528927074,40.200035957844726,20.93020392310556,27.684833030547185,80.96217193344363,6.553550072083714,71.44290183288697
Cluster Fig,34.052866238648406,89.3076653234564,82.3077191268184,20.76096424619457,67.83549579690107,6.085049027548458,155.71425256209523
Vanilla,78.0733589081125,54.92113732661159,10.01,31.569142244996446,80.00706499174328,6.336212578955871,139.88265890630618
Ginger,18.77,54.114330088411776,10.01,27.100385305863576,67.38878354175034,6.755993895271456,28.47780830583625
Teff,63.814914108698545,75.99878741448715,43.24169980180119,33.7238587388,78.41266240027602,6.159274470379332,161.08514083743222
Beetroot,90.6990135230113,102.27719106625985,26.471279186519588,23.32163402722414,77.14329233644833,5.749410585870001,24.689952066
Paulownia,33.67270479315761,16.55,15.584838718018517,27.363390876533003,52.175757057668136,6.6899214118568695,49.907618164433174
Hubbard Squash,43.65363174097168,60.63057578224115,84.52417399785769,29.763122432241488,26.83838874421697,5.958226985205059,155.77359816673643
Nutmeg,48.39154321074185,56.558187707401565,67.55086723952223,27.275678284274576,94.8442718061,6.777246688388045,130.36019141829473
Mulberry,71.04495571853819,16.55,99.24418850184168,26.17630921106857,94.8442718061,6.735471688813149,76.00246027143614
Switchgrass,18.77,101.83371488834158,35.187370596090624,23.37080933251016,70.9553291849281,6.4587039329149185,70.59032390031906
Water Spinach,85.86626426344671,62.35020904575068,28.126265548410196,23.785515311378944,68.68934590016732,7.273803455103497,108.01030119683304
Bacaba,51.69453677065247,16.55,61.90447418430516,29.59891871127375,55.088108625758395,5.749410585870001,102.80687035473603
Hubbard Squash,76.801501602997,39.72949357218136,62.59890670835814,27.54283523688483,75.34383939944762,6.295172526257541,82.09947479348003
Olive,43.20432762705919,86.4149260018757,10.01,22.707084837835303,94.8442718061,5.837012735706491,24.689952066
Sorghum,63.54025985934773,73.59298540243442,10.01,31.20646720720475,58.21940377818824,6.548075025787707,102.09891160009106
Bitter Gourd,66.56046066566482,33.2247191472422,69.60148913701407,22.57397500781853,33.03227189609064,6.724529790496504,131.01109164864152
Zucchini,112.39667320226258,42.96441827604809,89.72077726893464,26.517258755149484,94.8442718061,5.8698960441572945,44.34771763832592
Breadnut,32.87977046854638,41.3913071565564,49.13729533796439,30.40065221985957,53.65799924880753,6.73295163123953,24.689952066
Mulberry,51.597678750184826,97.04565565124575,26.1658876896029,18.8728467519,73.9008062676094,6.576551282224396,142.78616873800496
Elephant Garlic,18.77,55.22106263391952,41.676357394230905,28.468014979708897,72.4103554860475,6.593382547642973,135.31056891639813
Sugar Apple,93.26541172719155,16.55,26.039910372685195,24.11088448942658,88.88534263702326,6.8366310797047944,78.44796095565286
Chaya,32.71318225848934,69.96115786836631,141.47108636964552,24.60595939077954,94.64626131364838,6.838739858630482,101.21204109215994
Triticale,18.77,80.07506222092749,12.94587223919553,18.8728467519,94.8442718061,5.749410585870001,82.28269482492453
Jackfruit,59.30140087874898,93.44435252477936,93.23400052279132,26.331589862720083,91.47428696167424,6.200891798438255,62.463901007986045
Almond,110.62328772861399,16.55,78.92950369810093,25.39438276404298,57.987873977366604,6.457840721237342,27.15170229834662
Avocado,27.465156955762964,52.55895132341776,59.14531634357818,25.951817179517665,45.638020342812,6.605028642355568,171.12972192719013
Tree Spinach,18.77,63.586822739407694,10.01,26.80633494264077,67.83603224587888,6.938422481523978,83.22287603201221
Wax Gourd,105.83305301998283,16.55,132.06408532555238,24.385131263469003,90.16072827278327,5.749410585870001,124.27152945128668
Sugarcane,44.18835939698972,111.56541453443634,69.20795750745077,23.577482676394904,92.45311910561996,7.33695662374,40.312434575305176
banana,100.23,82.01,50.05,27.3767983057,80.35812258109999,5.98389318024,104.6269804001
Mamoncillo,54.934688680611686,56.46855500015842,10.01,24.322928725523685,88.78133213629367,6.312487977546716,124.82282025202778
Brazil Nut,81.43347615282853,50.46452945355866,30.106194463541875,27.98320287630126,94.8442718061,6.793993145613112,120.63435310373117
Bottle Gourd,22.94855026115748,83.16199061184994,41.95292139182236,29.331414387182843,80.9540547033678,6.22885710471946,168.31656099578282
Chili Pepper,18.77,81.83450211103022,88.73574051715383,18.8728467519,71.95382190269254,6.326604769086723,117.38318619607556
Blueberry,18.77,48.962104048943814,78.62101646376192,23.92892834364173,47.97080411995111,5.758366403912428,106.48232027610499
Poplar,27.390958894018844,71.58993320126227,10.01,27.711246502884514,57.1005692289071,6.33053879250916,166.63681667998327
Romaine Lettuce,24.257987187840865,52.60760124827014,10.01,27.323618115198585,94.8442718061,6.397593246311592,153.81554141199612
Barberry,99.32720579703968,70.05006642525129,15.526735041763004,24.754901365000116,68.79135252212518,5.749410585870001,82.26217453235613
Lemongrass,62.708225401876646,69.37596964433894,84.28329056057929,25.364695387491174,43.12975599637937,7.194362711437896,95.7255239937771
Earthnut Pea,18.77,34.19548367030896,44.35130580945568,23.909567447240455,89.40446323906711,7.061455613950558,163.41174954495605
Kiwano,33.24321992988878,80.91801056096156,27.532683191081535,26.504119258219532,82.2744605290947,6.277116799278251,119.78201691282713
Chestnut,73.64614990585501,109.68164127510664,10.01,24.7352491467877,76.88836690549017,6.12913912688311,104.69655106345888
Durian,63.48112971632189,74.72137269889464,43.896459375971084,25.984001571472206,84.8694327969787,6.95483198459689,129.87966414226133
Kaffir Lime,31.367265844199895,16.55,86.47186288947137,25.778038767809093,57.55284290293549,6.479284045458311,47.379335540194035
Chive,85.71126491611653,58.405576265819576,65.6330809326297,27.85150292410635,55.6123135734602,6.500495895657236,159.32146908301667
Kabocha,60.67876818246452,80.50823042172655,75.27849377654441,33.7238587388,84.95860096235991,6.549720669718963,85.31398840816375
Squash,117.77,22.233096968048294,57.24976220185421,30.3616706212473,77.95113125693778,5.8609536865226675,163.91396597401723
mothbeans,21.44,48.01,20.23,28.1949204842,53.16041802790001,6.83117408269,51.198487045700006
Sugar Beet,47.962212698030186,134.22,41.23081483066512,26.050407479407856,57.198973800664454,6.7452180186527295,60.37768974911077
Rosemary,104.24485423363866,76.084079772809,142.14207614528442,27.33412477634117,69.35623201244302,6.096732416608109,73.35991722684719
Indian Almond,114.15791445450847,78.46599492418223,52.49071431971762,22.99826503087111,45.985035635059475,6.949266143495155,56.79676293966084
Jicama,33.71992713661861,108.47671511644704,49.80734258855393,29.20081105511598,68.97897767774428,6.432912990236996,116.21521944690348
Elephant Garlic,30.842540671495094,81.18963016392799,10.01,21.83234339261569,64.11947637094175,6.296313220171715,115.66987150709267
Lemongrass,117.77,70.02313813605085,87.53102817978981,23.506405266509873,91.5892062039263,6.570550012635806,108.63330857068081
Pulasan,64.18779825834596,16.55,10.01,29.780230996791502,94.8442718061,6.6049216786582,90.32304776474331
Tobacco,107.08876120012431,89.58949380504677,96.22610893402572,20.440377310204045,64.64607627096639,5.840238526696005,236.181113594
Indian Almond,18.77,57.27519133552052,10.01,26.951532258672433,71.25509034291244,6.642134112610423,123.30892957435016
Eucalyptus,56.57269389380481,66.94468931935131,86.52042688603724,28.773299466687586,56.69284794661971,7.036720698000974,24.689952066
Mustard Spinach,107.20995689564023,16.55,166.59561656736545,29.19184236225097,94.8442718061,5.773232814869562,124.26289118698575
Pointed Gourd,18.77,94.25036661626629,115.5578174681601,27.451075317017878,28.57604060895308,7.083638026831199,82.6659611401542
Pineapple,52.78023485540686,132.17677251848767,10.01,26.087597357911417,44.708059699280724,6.2738071881874795,109.5991305774662
Breadnut,112.41304753236736,64.26370069650162,59.75385019257128,21.279167034435083,78.39844863395005,5.749410585870001,186.9792084112091
Roselle,36.71338748746022,61.905411758051315,10.01,22.289443301177986,47.20537695430383,7.1095425530304475,51.135538206594816
Mountain Yam,113.39759652416618,31.77708265477733,10.01,22.64839554211495,41.252187597232776,6.471505364359952,146.90044679728703
Olive,31.146927583549417,36.19609590200528,32.872190122725776,20.844736176275333,52.08960993463217,5.863143206523106,86.6212444664628
Carrot,29.46515515699315,74.6244610708744,22.355018768514213,23.584886561087544,69.14513188191395,6.854608119086124,85.6514765360689
Scallion,18.77,59.61836958019935,10.01,22.623322130800858,94.8442718061,6.030354591097846,126.02610734450138
Blueberry,84.91428950810261,16.55,59.67309261116215,20.700616507243286,58.26911488056287,5.880316586680684,27.041651348770273
Blueberry,83.80304915765976,20.838548748762896,64.69241261495442,21.18267441971551,79.18376923998018,7.156224711287658,150.43181605045112
Teff,67.27800841767554,17.453076444000423,53.99633840834069,25.786440370358527,70.95548075937533,6.616445402043137,142.16705127718757
Leek,18.77,16.55,79.12313108020831,23.8779593224495,75.49358429913944,5.749410585870001,228.42731137928385
Tamarind,18.77,91.92621152564479,23.35366906463774,23.18796296512206,85.11566604845943,6.3812514788920325,182.39399286401135
Duku,18.77,31.18232049580154,54.6066348477477,33.5416146957736,94.8442718061,6.038376088400167,24.689952066
Bottle Gourd,95.60934264148716,92.75309131847749,39.268543818450176,25.331797291796637,65.36042544924041,6.837777792535729,61.27859406507052
Brussels Sprouts,18.77,112.37307467259167,49.727025213346636,30.563669154518692,69.32355330317651,7.184557975982925,153.93506780027434
watermelon,99.42,17.0,50.22,25.5917672375,85.16037529360001,6.49577830157,50.7862189449
Peanut,63.021451255623155,93.6815636191512,62.17865697892724,22.39028350785042,83.4379727042249,5.950607712406457,68.50611082523255
Ajwain,30.35715186201569,22.829783589745823,57.610802104091135,23.894752877919267,92.85245385209328,6.262719220785338,122.80303440935157
Taro,41.16830700932821,16.55,84.95662915519932,18.8728467519,36.56864474707625,6.759263176152309,94.25684639186936
Apricot,58.44039842334078,33.99493966222187,10.01,32.12071147506073,17.380102505875485,7.33695662374,125.28346675606119
Broccoli,18.77,61.43196439440619,17.125767209430705,28.946744985137823,75.49187130652878,6.2626867863543945,94.21239090312798
Bitterleaf,104.59813952867113,27.68461542521788,51.371371372738814,32.7057997032211,94.8442718061,5.749410585870001,90.29314930692568
Pattypan Squash,79.73888606665395,77.38749209846416,63.63974381739431,26.865922939566005,55.16236228278393,6.414142111037451,153.4382575216212
Malabar Spinach,22.864968161557844,27.1509645971065,70.5585345614256,25.7213831951658,69.84741780845738,7.022677272786825,61.312993531368676
Swamp Cabbage,31.683115405024907,84.08158746594872,12.926740555772959,25.445357085759493,49.827275699761046,6.2794189785696854,69.06212947618698
Medlar,70.03716355878615,87.92499754320622,57.829441371502426,28.763495467957846,56.097638358352185,6.968557118917654,59.17201902869627
Noni,48.66656108094026,30.53022763735195,26.881458081541197,22.182275782989286,88.72669716906145,6.24142886109518,127.62003384469273
Spiny Gourd,59.00481200253161,67.00078464356598,97.63422103020909,23.58783103247582,68.88332077131457,6.443235217163932,24.689952066
Bay Leaf,43.9009079823288,47.051170275833314,56.390183114847616,24.30816754380235,40.71705910083277,6.3126559172452295,99.06424250307354
Mahogany,117.44947289322073,26.293239563230294,188.775493023582,33.20698037005447,79.03731872673164,6.218812283695574,67.77020992652237
Horseradish,20.878595205253816,97.60210414496265,16.264701742583622,24.55672844749416,60.94260703122013,7.307893502441955,24.689952066
Bignay,18.77,34.24954578136801,35.05635515928335,26.8728303658949,94.8442718061,5.923418178236981,111.57410653210098
MÃ¢che,56.5093567044702,63.36230881058461,27.797043034860064,24.832107442352864,74.68780553495904,5.895864831583586,40.250601482216474
Mustard Spinach,38.850777865447675,59.33439815836748,67.95587373783084,32.72151473475587,60.56531567179431,6.983806975937629,47.16258704627888
Mountain Apple,32.8707420876955,121.72776864488426,47.25915189042288,31.546536987939497,78.66023774212387,6.95583694839556,73.44910436220962
Pak Choi,106.71089212569618,92.87525428703638,70.40121490961906,25.530105370099154,93.67960579515287,7.0870327223192096,31.881313916399563
Currant,78.33914650001216,36.79920731819897,10.01,23.506784800517238,94.8442718061,6.610781110077443,50.4082831170621
Santol,18.77,107.66927510410437,105.26230329479071,25.700812627121223,82.11108347312893,6.40448404659493,119.51732425551192
Sago Palm,18.77,33.656322776153054,10.01,23.357072815503166,94.8442718061,6.464422881860442,71.00948841684657
Pointed Gourd,73.79577919005632,50.030160503870995,118.17524358610399,26.45040736079852,94.8442718061,6.683626856852295,88.63577542301954
Sugar Apple,18.77,19.77217804616975,10.01,24.08151463721082,57.49155000390085,6.513197638582046,93.87993195405814
rice,79.89,47.58,39.87,23.6893322105,82.2728215389,6.425470922140001,236.181113594
Santol,18.77,39.96003614784178,10.01,27.616302584340076,94.8442718061,6.85857958825703,61.41085416568996
Rutabaga,49.34525342809383,76.35242801897249,104.1133499733521,26.081860823471096,47.07692511753545,5.749410585870001,106.04210119816562
Groundnut,44.201316511236,35.701305201831346,58.639755938796995,30.12252908693148,16.8604394237,6.702459686968514,193.75506711907758
Buckwheat,18.77,20.911173595855544,10.01,23.635885035903677,82.2379941860289,6.816016989659129,98.57235553849335
Zucchini,66.79930232047244,122.74508514063496,103.54327853656562,25.451807278974577,71.27024379430638,7.078812906073609,94.95651928160079
Walnut,84.2593362962818,66.60370184596255,20.745127831815317,25.941100180051503,55.782820863005895,6.711345334765305,59.77008628948444
Switchgrass,26.233781410979333,116.99054871174945,30.732815456511062,24.878187300894403,69.57929569899382,7.164608643917667,32.973883097301936
